licensePlate,longitude,latitude,city,state,speed
4-2288B,101.766855,79.694526,West Kristopher,Iowa,68
855TOP,-1.616434,-27.559417,Johnfort,Wisconsin,94
826 YBL,164.81867,-25.054565,Malloryshire,North Dakota,64
LSL-121,-158.509567,63.5643585,Aprilburgh,North Dakota,110
ZNP 970,-112.927096,-42.634302,Thomasmouth,Ohio,96
T07 6WC,-10.535853,-69.4456195,Smithborough,Wyoming,80
1M Z3492,-65.430434,25.1177065,Rachelview,North Carolina,108
ELQ A17,-154.979852,23.878478,North Laura,California,107
6VJ 297,-40.649314,-46.8153525,Blanchardfort,Arkansas,98
MMR7176,-61.196859,-84.4925735,New Scott,Georgia,99
8P 93228,17.653199,-3.6270505,New Summer,New Jersey,67
1QS06,-59.706807,37.843698,Laurashire,Michigan,76
129 VM5,-7.649421,45.2687965,New Amanda,Wisconsin,98
4SEE874,93.524818,-22.361425,Port Danielle,Delaware,86
30JF625,-121.013405,-43.9591515,Montgomeryview,New Mexico,71
356 GVI,120.886019,-33.2255895,North Stephanie,Wisconsin,84
569 XPQ,-74.892731,-48.896025,Martinbury,Oregon,74
YNZ 098,24.743689,-82.128819,Garyberg,Kansas,70
WNW-969,-138.166775,-17.4492185,Port Deannaville,Oregon,60
606 QD3,69.946019,-7.5767935,Lake Peggymouth,Indiana,82
681-ZQV,-68.183355,68.093564,Andrewhaven,South Carolina,83
0-E9868,28.933436,-36.350016,Davidtown,Washington,110
952 CKT,109.813737,68.8162035,Jonesland,New Jersey,62
791 GBU,-89.249786,-2.805042,Nicholasshire,South Dakota,84
IHF-3142,103.169233,47.7403595,West Kevin,Michigan,83
C34-25C,-30.707316,78.6565925,Port Madisonhaven,Idaho,67
836PTY,-86.640618,46.012509,East Amy,Washington,98
8FB1539,-10.443568,-13.732889,Port Roberttown,Oklahoma,84
N44 7BX,137.262342,-55.775814,North Stephen,North Carolina,75
QMQ 756,-98.755824,51.807819,East Jennifer,Indiana,104
J 271411,155.865182,69.081032,New Denise,Illinois,109
A60 0QR,165.405915,74.8772555,Perkinsfurt,Idaho,101
7P 50572,5.059019,66.549943,Lake Jessicaton,Ohio,107
112 ZDG,77.167971,-12.2008345,Lake Michele,Maine,96
590-ZWJ,-11.97437,-69.0440695,Lake Caitlin,North Carolina,86
510 DPR,-159.840899,23.1402965,New John,Michigan,106
722 1JK,-113.765052,-26.0656715,North Paul,Delaware,81
4ZC23,76.914631,-25.456667,South Linda,Mississippi,93
0CQ26,-17.246468,-20.179356,North Jamieberg,New Mexico,101
56S GX8,72.863228,-79.5932495,East Rhondamouth,Idaho,106
658-275,3.742605,63.1435705,Mortonside,Montana,60
MKR0816,86.271182,-28.424114,Christopherview,Wisconsin,73
898GE,15.287877,-78.787359,East Benjaminborough,Missouri,73
GDV-343,-16.560491,67.4834735,South Johnchester,Wyoming,89
WCO-074,-137.957406,-89.6566345,Duffymouth,Vermont,100
935-HYM,43.13126,-74.1479525,New Emily,California,78
2TB1784,-31.498358,80.7554435,Hernandezstad,Missouri,99
5CM 836,-85.081626,41.1118615,Melissamouth,North Dakota,70
410 CUZ,28.240692,41.0845325,South Theresa,New Jersey,97
AFT 032,85.02155,-23.137294,Hensleyside,Vermont,95
32S FF5,130.534453,35.0378175,Anthonymouth,Mississippi,71
815 IGL,-98.274021,-69.253658,Amymouth,Massachusetts,98
FQD 704,124.950607,-67.204844,Jenniferville,Washington,95
7WD 214,122.466948,39.1600965,Hubbardhaven,Missouri,98
MCD 222,-35.293509,87.123518,West Hollyview,Alabama,110
8ZFL 60,-118.34513,-0.491785,North Seth,Wyoming,100
5K 0860V,108.891666,-8.443491,East Wendy,Iowa,63
36P K97,-12.909332,-13.495656,Port Alison,Colorado,104
CLU4586,145.125723,-20.4877195,Avilaton,South Carolina,71
LME 166,21.146337,44.746471,Joannaberg,New Mexico,87
AA3 Q9H,-46.634432,-65.75883,North Jodiland,Pennsylvania,91
MSZ 387,-64.928546,52.779079,South Franciscoland,New Hampshire,74
LOK 098,-62.377323,12.318387,Dianaland,New Hampshire,64
948 CMR,-142.254126,-23.870443,West Rachel,Nebraska,93
629 IME,-47.508227,-24.1736945,New Joshua,Kansas,75
869 EDC,0.924894,-88.1779565,South Breannamouth,Massachusetts,91
221 5CK,-117.291176,-41.5446025,Garciaton,Minnesota,90
04RQ2,15.75073,-28.4043105,New Scott,Vermont,103
S00 4QL,-66.767291,24.6488005,Fergusonborough,Iowa,73
ETG-817,-73.267082,-70.30076,Michaelberg,Rhode Island,109
151 BWS,-17.677551,39.638173,Smithstad,Arizona,89
0J 1305S,176.656859,78.1375765,North Josephport,Indiana,100
5380 OH,-6.882327,40.50841,Colemanmouth,North Dakota,79
VPQ 237,-168.861654,57.212609,Janicefort,Maryland,100
UT 6335,78.125019,29.5928055,Carterhaven,Connecticut,108
541DRZ,-12.617343,89.365441,West Bruceville,Massachusetts,110
WMS-3206,-20.016914,28.313284,North Christineland,Arizona,90
374 RXA,-33.874769,71.6105855,Jonathanshire,Hawaii,72
CXS6986,111.774675,-31.384107,Katrinaview,Rhode Island,100
N41 9XU,-117.663142,-1.0072755,Conradbury,Virginia,109
877 ECV,-94.200829,-21.859829,South Robert,Wyoming,100
422 WYM,-81.641475,82.6719325,Port Curtis,Montana,104
BDF 969,-66.118036,85.2966985,Port Michaelfort,New Hampshire,110
M13 2CW,-130.001679,-42.2384465,West Ryan,Montana,74
329 FKX,27.217934,48.4724045,Littletown,Michigan,89
95HB3,21.949525,-80.869087,Port Phillipbury,Arkansas,92
ZGS-7544,143.94758,-44.444898,Wendychester,Alabama,97
587 UUY,-99.408148,66.245914,New Gloriaton,West Virginia,85
BWY 239,114.556333,8.7164575,West Dianamouth,New Mexico,69
1YX7034,-179.331122,-76.406459,Andersonville,Minnesota,107
969-019,115.604941,-60.6501875,Melissaton,Louisiana,99
2JR O48,178.693356,28.347999,Lawrencebury,Michigan,72
46-9295S,163.590409,-88.985089,Port Josephtown,Vermont,76
2SO9748,131.235383,33.367517,Deanland,New York,78
958 RRF,86.933865,-26.1341825,West Jamesberg,Maine,63
021 GJR,170.405948,33.8646285,North Heidi,Florida,66
5AS 700,19.519159,2.861624,Stephenshire,West Virginia,86
09FN823,-30.426908,-77.1008365,Leonport,Oregon,64
37-N042,-68.741533,-5.425351,Port William,California,103
379 WKL,10.954067,-11.174118,New Nicholasmouth,West Virginia,97
KBH 924,-95.921434,-20.2173505,Taylorstad,Arkansas,101
115 VQI,-66.583266,-77.461239,West Bobby,Ohio,98
457-RKF,66.876916,58.9896025,West Luke,Texas,62
XHK 296,0.824298,-22.958472,New Kimberlyfurt,Arizona,108
834690,32.69504,-47.225054,Port Matthewchester,Alabama,94
PBI 141,129.491389,-0.073668,Webbstad,Hawaii,66
1G596,-66.831535,-46.4712085,North Anthonyfurt,Arkansas,103
KVT-715,150.785931,-57.904412,West Anthony,Hawaii,94
MX 50914,98.74244,81.797009,North Marvinport,Iowa,84
671-XHRJ,-31.019763,59.2166995,Boltonhaven,Arizona,93
GYT-181,8.844799,82.2755115,West Alan,Mississippi,106
654N,161.908507,-89.7038595,East Natasha,New Jersey,108
2UK44,-59.717763,78.196658,Christopherchester,Illinois,86
LYO 752,121.077215,-34.5174215,Andersonfort,Nevada,78
785V8,10.555844,-58.9906555,Benjaminmouth,Georgia,105
IBG-0310,83.430302,38.6581715,New Kelly,Idaho,89
233 ZHK,65.566554,5.2107055,Elizabethport,Pennsylvania,109
DGZ6865,168.968304,-49.7278255,Port Andreatown,Wyoming,72
535VPL,85.223107,10.6246975,Paulburgh,Maine,103
YCW-3131,-148.527735,10.6467225,West Kaylaton,Rhode Island,81
HWX 157,-125.408882,63.6771745,Smithland,North Dakota,92
WLD-4472,-18.671456,-6.6806735,North Jennifer,Georgia,93
068L9,138.774911,-52.4157285,South Nicholas,Montana,61
866-EER,50.584197,-7.248786,North Sandratown,Texas,89
396 AF8,87.017901,-37.0680335,Robyntown,Pennsylvania,98
9GT 097,66.153275,71.8753665,East Melissaview,Washington,65
689-GFF,134.14692,51.840927,East David,Missouri,63
51A S25,28.414718,-58.1384555,North Kathryn,California,70
FSX-249,-148.882595,-64.5236465,Davidshire,New Hampshire,78
QEG0572,173.278752,29.0522855,Kristafurt,Texas,96
ZJK 061,-30.599067,-23.579641,West Jeffrey,Connecticut,88
858 4266,-3.255989,-28.4154835,Johnsonland,Illinois,60
OMK-0300,-106.036681,78.6917335,North Kevinborough,Georgia,92
UAR-949,-109.815365,-78.4663255,Kyleland,Alaska,80
2-L7097,28.628752,-55.7431555,Downsfort,Vermont,84
4GX5356,-59.839375,-25.728603,Lake Joshua,Kentucky,83
254OIK,-79.938849,-49.801318,New Stephanie,Virginia,74
3-3482V,159.773547,-36.3922985,Lake Heathershire,Maryland,97
308-PVM,-94.91783,-79.152238,Tamarastad,Florida,75
3WV 991,-135.172248,33.88502,Annton,Illinois,71
ZRN-4462,84.330143,-11.6356625,South Darrell,Oklahoma,70
7-74836X,-18.883895,-47.3702825,North Makaylahaven,Mississippi,82
57F 308,8.475896,15.543279,Lake Sandyburgh,New Jersey,79
B 410322,-167.004321,-68.7417145,West Curtisburgh,Vermont,105
S42-07E,-77.92593,28.73932,Lake Stephen,Kentucky,76
894 CLV,-164.027197,80.7183065,Marcusfurt,Nebraska,60
EWB 102,-172.037325,-34.358257,Carterfurt,Wyoming,108
171 7KQ,-39.230784,59.968299,Georgeberg,North Carolina,108
85Q U56,-69.63049,29.128752,Mcneilside,Maryland,86
1HO 224,-162.663462,34.138136,South Timothyberg,Nebraska,68
057 KMV,115.526551,-82.056012,Mathisberg,Wisconsin,87
007LES,47.74889,33.9848595,East Joshuaton,Maine,80
UI 80482,16.022813,36.5177415,North Jose,Wisconsin,90
Y59-WGZ,173.949248,35.754038,Port Sally,Iowa,77
488-981,78.979279,89.70212,Lake Jasmine,New York,60
NPI 320,108.400309,-88.242128,South Derrick,Mississippi,99
514WL,77.396388,-42.3862245,Heatherchester,Texas,75
ZIV-1671,-60.982005,-11.133869,Georgefort,Iowa,101
LQR2193,41.919184,-54.5381045,Angelicaborough,Alabama,92
ZVK 247,-125.827953,9.9553265,West Saraberg,Missouri,90
54-YV18,-12.872452,-11.0962195,Lauraport,Minnesota,73
0N 7P6BZA,-128.494132,88.3602055,East Jacobtown,California,79
51-GE48,-21.118591,-26.523786,West Matthew,Utah,61
H24-UMR,-152.548372,-5.319168,South Nancy,Rhode Island,65
928 7ER,-125.307965,64.393681,Port Danielhaven,Utah,102
TR 9090,-159.964154,-20.403205,North David,Arkansas,60
65L IR6,70.076733,38.4398815,Michellechester,Oregon,82
983 VCQ,177.128865,74.0282235,West Katrinaborough,Texas,76
60-03974,150.861517,46.9500505,Robbinschester,South Carolina,96
1AAO965,116.105851,-24.257656,Zacharyton,Illinois,74
NNX 969,-62.923506,64.087212,Lake Williamfort,Alaska,93
6GEX 85,-48.20659,-31.35727,Brooksside,Georgia,81
KXZ-0826,-155.31556,-72.5582465,New Steven,Massachusetts,82
QUL 554,-126.139893,-57.785722,New Courtney,Massachusetts,61
F85-JDA,19.90697,-60.3642505,East Cory,Wyoming,76
71-Z398,130.406625,41.597004,Rossfurt,Pennsylvania,74
GZJ-7620,-53.669537,82.6802015,Coleshire,Delaware,101
145RFY,68.905464,-22.596618,Petersland,Tennessee,84
039-QXC,-6.607924,-63.5414745,North Joel,Kentucky,92
JFD-3318,3.558771,67.523684,South Yvonneport,Utah,98
538M9,9.127242,26.006809,Ibarraborough,Wyoming,95
49E 2704,-10.786227,-16.7211455,Williamsshire,Kansas,81
805-NSA,175.475477,-13.563478,Coreymouth,Arkansas,94
WZU 871,-85.894536,-51.36913,Johnsonmouth,Alabama,109
VXV-559,-161.727625,18.4106645,Port Derrickton,Virginia,84
7VM J16,-79.931609,-64.697129,Port Anthonyville,Mississippi,79
90-55012,140.808494,-68.1825585,Christianville,Alaska,75
18F 1858,34.566733,25.485331,Josephland,New Hampshire,76
95B•140,20.45432,-59.9641925,Port Brittanybury,Utah,103
DDQ-7959,35.026962,-61.9507585,South Amandafort,Indiana,72
9UF 186,113.144894,-27.29626,Wheelermouth,South Dakota,110
518-OVS,-149.977388,-69.431884,East Hollymouth,Oklahoma,88
ZLK-419,21.171328,-13.51862,Oconnorton,Illinois,105
488 1252,-161.641006,-54.379708,Danielshire,Washington,84
LL 61153,131.158101,56.2508675,Port Douglas,Iowa,79
5DXV 15,151.195163,-57.744442,Dianaview,Arkansas,95
703IO,171.074554,48.457284,Michaelview,Illinois,86
89626,26.161901,-74.0179905,Villarrealberg,Florida,102
7V 3Q9GRX,118.099489,-76.4836565,West Amyhaven,Louisiana,91
28T 085,-83.265311,-14.6890095,Brownburgh,Washington,64
739 PFK,126.09612,-29.2889305,Weberchester,Montana,93
0-6353P,-170.845029,-37.039486,Madisonburgh,Kentucky,69
V32-AAS,-67.563722,-73.8153935,Heatherberg,New York,74
N62 0QO,51.395424,-24.1233785,East Saraberg,South Carolina,77
25-RC91,-88.776648,80.4616715,Katrinaport,New Hampshire,67
0FOL126,108.595136,21.2283875,Port Joel,Alaska,103
HB4 O6B,-44.818509,56.217008,Trevinoburgh,Alaska,69
9N BT209,-171.118377,35.259994,West Tamara,New Mexico,101
63-3974Y,-150.331497,40.766386,Deckerland,Wyoming,78
8740,22.139434,66.4630505,Angelaburgh,Michigan,63
POQ0354,69.278916,36.624135,Laurenmouth,Montana,94
LUL 796,61.106325,-7.0639535,New Trevor,Hawaii,66
7125 UI,83.029961,55.762504,Lake Karenview,Connecticut,101
6JD N60,72.567076,27.8854655,Michelleburgh,Pennsylvania,96
899 USE,24.999979,-44.6843455,Mileston,Oklahoma,106
067 WD4,30.713964,-74.520222,Lake Briannachester,Georgia,97
Z11 4ZF,176.39356,12.461589,New Sylvia,North Carolina,93
GAZ 249,69.891013,-27.780467,Port Brandonshire,Florida,104
47N BP9,-159.894735,54.243044,Hollychester,Virginia,78
FFE-3714,-34.312406,-41.196047,North David,Michigan,85
5-54951S,-108.602333,31.911867,New Stephaniechester,Wyoming,87
371 VNZ,81.767249,-11.203881,Victorport,Alabama,87
179DLU,55.05544,-19.2534375,Richardstown,Hawaii,78
793-MRY,173.9271,25.176487,Bonniechester,Maryland,82
7YIO806,54.691175,-43.9667505,West Bruce,New Jersey,85
RG-7692,153.159507,10.711897,Lake Alexander,New Mexico,107
7ND 255,-23.472707,-59.778358,Gonzalesshire,Kansas,65
4E 90847,-113.694107,-5.5238985,Jacksonchester,Michigan,82
9JLO 49,-150.625538,48.048197,Collinsside,Pennsylvania,84
25W 4847,-37.175496,48.871185,North Zacharyville,Nebraska,103
808 VV9,137.980285,68.6397275,Andrealand,Arizona,102
776 2UM,17.983041,17.229077,South Christinabury,Idaho,95
6-74031,86.040196,63.0978635,South Roberthaven,Minnesota,67
SZF 651,-115.667926,-72.4757575,Nicholeburgh,North Dakota,90
604-EBM,-18.220574,-33.0987405,New Rachelmouth,West Virginia,79
TVM8556,93.817427,-82.1562195,Alexandrastad,California,86
0RRA264,-91.245937,79.3831925,South Bradleytown,Nebraska,94
2-7445C,74.745934,34.366943,Trujillomouth,Washington,84
4QEP 42,-70.841113,-28.222121,North Michele,New York,107
843-753,-14.94316,37.256003,West Marie,Texas,101
589Y,-143.8061,5.489562,Johnsonberg,Missouri,62
B63-78J,66.985985,36.3652175,North Roy,Arizona,92
XGU 418,92.922371,35.4358215,Finleyport,Delaware,72
8AP 834,-22.987592,85.1912125,Williambury,Florida,94
600 NEB,61.496719,-48.13972,North Rebeccaville,Rhode Island,70
95MP736,-149.189112,51.5412795,Lake Todd,Georgia,98
5V 5399O,99.31272,-87.204902,Melissamouth,Florida,77
0H 4266Z,-90.779563,46.3881845,Lake Jameschester,Virginia,87
23T CB1,-85.029983,88.753529,East Nancyport,Rhode Island,83
BAW-9608,135.444546,30.915917,Clintontown,Indiana,109
3-4628O,173.803629,63.8057325,Christophermouth,Rhode Island,79
2828 VF,67.934204,50.6203705,New Phillipmouth,South Dakota,89
HGG-4601,29.186595,-41.797189,New Oscarfurt,Hawaii,100
51Q 1320,-3.810652,10.510944,Mackbury,Arkansas,81
8NVM 47,-63.290333,44.0634665,Deniseton,New Mexico,88
LRI-744,125.995047,50.725512,West Rebeccahaven,Pennsylvania,100
618 2415,140.337113,20.78233,Samanthafurt,Iowa,78
90963,134.796373,79.2479685,East Heatherbury,Kansas,71
0JX 247,-117.02627,64.9919965,South James,Arizona,69
LGZ 594,-15.124121,-1.4651355,North Angela,Tennessee,80
24GH4,-143.397921,-34.2174025,North Rachel,New Jersey,74
069 LA8,33.767329,74.864501,West Amber,Wisconsin,99
420-YUG,-143.685936,67.802043,West Jillianburgh,Hawaii,87
5GO 243,100.58219,-48.9655555,Wagnerborough,New Mexico,91
6Y C7212,4.228599,82.112685,South Lisaport,Oregon,110
73-1751S,120.582001,85.3121105,West Michael,Arizona,99
729LNO,155.004515,-35.638769,Lewiston,Indiana,78
014 NRY,-153.700901,63.9237175,Port Wendy,Arizona,77
F45 3YA,-10.814704,-83.96555,Robinsonville,South Carolina,67
V39-21P,121.859318,-19.8320095,North Sierra,New Jersey,90
YIG3306,25.858007,-74.2802845,Garciaberg,Alabama,93
BTG B78,-10.303443,13.531824,Derrickhaven,New Mexico,80
UCA5868,-125.021334,-3.591574,East Christine,Virginia,63
LGZ 365,-59.745104,-40.7135015,Littlehaven,New York,94
UWS 452,121.775258,31.1155805,Joshuaport,Missouri,66
37B ID8,-94.064199,-50.405808,West Jenniferberg,Pennsylvania,104
62-07324,131.657921,-9.37947,Michaelshire,Arkansas,99
238-ACG,-26.168991,33.500449,East Amy,New Mexico,78
I 523975,-4.71872,-55.420796,Karenberg,Rhode Island,86
RLE-7682,95.758795,-6.922946,Johnsonberg,North Dakota,104
BUS-3588,18.619497,-48.1749395,East Teresaberg,Virginia,98
4-06756T,-42.691393,81.6440835,New Katherine,Connecticut,104
ZMA 435,-61.647841,56.9515725,South Leslieshire,Illinois,99
CAH Y70,80.664479,2.79413,West Amandatown,Vermont,72
33B UF5,-174.723054,-28.068227,Kristinaburgh,South Carolina,81
35R 236,87.810372,-88.05238,East Amanda,Iowa,108
189 6868,-85.629656,-13.003242,Port Carmenmouth,Nevada,81
218 PPQ,176.44894,54.508342,New Johnchester,Washington,80
NJF-289,124.977125,-0.730644,West David,Georgia,64
IEO 4781,139.220398,3.0509875,New William,Wyoming,102
76-0990E,-171.86565,-12.8486205,Joefort,Oklahoma,95
65X•639,98.510505,20.923947,Colemanburgh,New Mexico,75
0K 5131O,-10.294361,35.348704,Port Kayla,South Dakota,85
2EL11,34.775126,38.1386055,West Brenda,Massachusetts,105
44UN3,64.373867,-45.46533,Stephaniebury,New Hampshire,102
8UM 387,120.517526,63.64655,Strongshire,Washington,94
9T041,159.107434,-70.468376,Port Jenniferton,Oklahoma,72
ACE-8498,-38.019817,26.532676,Johnsonfurt,Indiana,84
524 BJO,42.106012,87.7189445,New Christopher,Utah,74
69E SY9,8.795088,65.1239195,Lake John,New York,92
IDH-6957,61.845905,71.7173925,North Donaldstad,Rhode Island,68
DXQ-7216,62.265765,-52.123022,Port Scottland,Indiana,108
392-CVG,16.455368,12.5991095,Austinstad,New Mexico,94
6G 6D7NWZ,-37.324747,-62.252327,Weissshire,Massachusetts,96
H 555312,128.435419,-1.3965215,North Dale,Florida,64
KBD 7498,-151.240598,-15.952663,South Samantha,Washington,80
TKG 430,-44.945014,-71.3453895,West Markburgh,Nebraska,91
3ZP9171,-168.229353,-73.074697,West Michaelbury,Florida,72
19-F326,179.085645,-87.719797,Andersontown,Pennsylvania,100
160-UNS,65.423177,5.3421665,Mooretown,New Hampshire,88
Q 927642,-81.147997,64.3193325,Jocelynville,Louisiana,70
277 BZY,-44.712555,35.5734655,Port Ricardoside,Oklahoma,76
HCA 362,54.293357,52.164923,Port Caroline,New Hampshire,102
BWR 701,-114.676436,37.5250855,East Victorview,Massachusetts,83
786,-153.579217,66.8901745,Villaborough,Kansas,68
35F 512,151.429625,20.320103,Aguirrebury,Maryland,108
217 9529,83.733784,-28.7084805,South Paigeton,Michigan,76
253 SHA,159.746943,9.0173345,Lopezberg,Louisiana,103
928-112,-70.672417,-87.2423645,West Lynnview,Hawaii,82
66-02367,-34.214435,-20.5157925,Port Wendy,Louisiana,99
36Z•547,40.465951,-46.123976,East Michellefort,Nebraska,65
755 SHB,146.155263,86.9935565,Randallport,Tennessee,69
9W003,-52.134511,-53.0081675,New Robert,Maryland,103
P81 9BM,-122.010555,41.3668915,Walshville,Wisconsin,96
52SP6,-163.729504,1.9047405,Bryanville,Hawaii,108
35-Y850,29.369253,-14.2045295,East Sandra,Pennsylvania,70
GJ7 2290,-176.267596,49.533229,West Wayne,South Dakota,88
303-VUD,-22.533235,85.056016,Davisbury,Alaska,102
579 IOB,62.271032,-65.470101,New Julia,Colorado,88
4XVE 50,152.473714,-84.4549275,Port Denise,New Mexico,103
25-0801U,-90.101819,37.230896,Berrymouth,Minnesota,65
33-3636D,-19.368915,68.997977,West Timothy,Oklahoma,84
994 HZZ,-87.98901,-66.525881,South Alanstad,South Dakota,93
953 5KJ,-35.857024,4.220885,Ryanland,Florida,101
JCA-5083,53.14427,-35.5871785,Marcusberg,Nevada,62
763-JHO,-63.589791,42.3683565,North Jeremytown,Rhode Island,68
28QW7,115.502716,73.8995445,Tracichester,Kentucky,88
677-RIF,162.291745,59.6454985,Stevenland,Hawaii,106
544 WKF,13.058863,72.48317,New Lindseyport,Ohio,95
556 NEW,48.01469,6.580379,Charlesville,Louisiana,86
UXS-723,-46.885856,-31.667483,West Robert,Michigan,96
HYY 436,-137.194481,9.7716295,North Joside,Virginia,68
8756 NR,-69.985125,83.358099,Karenmouth,Texas,105
G 258754,-156.900524,-88.7870065,Michaelmouth,Maine,104
Q87 1TB,-17.226194,45.927296,South Josephberg,Maryland,101
373 FCK,123.909241,47.0785975,Coltonberg,Texas,88
2246,120.641789,-86.5973825,Lake Anthony,Illinois,83
BTF 964,3.401513,40.6343115,Nuneztown,Connecticut,68
133-WUP,-32.44897,-63.499232,Pittmanside,Kentucky,91
1ZV T60,-127.45479,-35.8100475,South Stephanie,Iowa,94
6380,149.156826,0.3363065,Davisborough,Connecticut,76
767GJF,115.819511,-56.981283,Matthewberg,Pennsylvania,79
BG 00171,97.883431,52.6946165,West Kaylee,Kansas,70
430-VPLF,62.297445,-24.91155,New Jeremyborough,Colorado,95
26-35702,38.854123,53.4323615,Ericside,New Hampshire,64
AR-0712,162.18657,-11.8231345,Douglasbury,Florida,93
4TSI447,-30.37194,34.0485655,West Allison,Vermont,107
5-23355L,172.590289,82.0178765,Tomburgh,New Mexico,108
9SH I94,23.572529,-14.9155315,Port Cherylborough,Illinois,67
19-8989X,-148.8806,62.9846335,Robertland,New Jersey,61
075-BOY,50.699005,-48.407691,Stoneberg,Wyoming,65
DD6 N2X,171.53698,-0.192419,Justintown,Connecticut,97
JAR-307,-46.659942,16.2392385,North Brandiland,Arkansas,81
KG3 D9D,-33.81621,-6.686682,Brooksland,Virginia,68
909-KJDM,167.077698,44.3825935,Franklinshire,Massachusetts,110
X43 2MK,142.268164,29.848142,Toddland,North Dakota,104
QSU 552,64.790296,61.1885785,Nicholsonside,Kentucky,70
71-U447,43.004937,35.3602185,New Thomashaven,Minnesota,70
6-20708R,-119.307279,-40.203624,Thomasmouth,New Mexico,60
043-OAE,-75.629764,62.9682695,Christopherside,Vermont,81
S79-05K,151.807171,-59.2151015,South Paulfurt,New Hampshire,97
2I GP479,-136.105542,64.695357,Bushmouth,Nevada,101
XC 4063,179.649857,-23.9366735,South Dawnborough,Illinois,66
2CM I05,66.994485,-55.2837775,East Danielside,Michigan,68
P08 3ZV,-47.666978,13.1790805,South Eric,Delaware,79
556 BLY,111.722518,-76.6261135,Lake Melissaborough,Idaho,102
6K IJ370,-132.379569,20.2292995,Petersonland,Kansas,93
028 JSR,-155.444641,-8.266517,North Garrettbury,Pennsylvania,91
00L Z67,-112.337966,-5.1562285,East Davidshire,Illinois,109
ZVF 833,159.424478,-84.767254,New Nicolebury,Kansas,63
2VG1100,-68.206833,38.911393,Tinamouth,Texas,66
IO 8422,112.787739,87.8465495,Amandabury,Connecticut,84
2X 96430,-33.832622,50.6050235,Bryantmouth,Georgia,61
L68 6AB,2.03877,56.1500295,Normantown,Alabama,102
HYL 082,13.055854,-15.8482105,Christopherport,Hawaii,93
20UY873,-120.024326,46.0983925,New Christineburgh,Oklahoma,103
MRG-0744,-152.607935,79.4003535,Nicolebury,Alabama,76
69X 203,-25.288873,-19.251657,Jennashire,Alabama,105
200HXE,-54.272014,-19.932908,Port Williamview,Arkansas,101
671 MMU,21.779329,50.199059,South Christopher,Montana,88
GGF 195,-84.018194,-20.57792,East Beverly,Oklahoma,86
CYO 575,-161.342676,-2.37128,Hernandezside,New Mexico,101
9-Y0896,-164.527646,-25.6908965,Melissaton,Georgia,65
280193,59.79349,33.296184,West Andreaville,Florida,63
KBJ6441,80.916565,-57.3877195,East Derek,Louisiana,87
942 PZR,97.485977,-10.6907975,Adrianatown,New Jersey,83
LXF 171,-120.882745,79.2271955,Michaelstad,Rhode Island,91
9CH1761,-145.963359,-43.2172065,South Brett,Hawaii,82
594 XY4,46.942108,-54.9119265,Nelsonstad,Kentucky,74
720A,-152.347656,69.0560035,Lake William,Kentucky,88
483 LVW,89.468393,-49.870506,Kellymouth,Maine,67
758-YJFU,-30.17004,-42.795055,Mistyfurt,California,72
1OB3294,-163.789079,88.748328,Floresmouth,Alabama,77
0-4339O,-70.750831,29.909648,New Patrick,Nevada,74
HEA-3139,132.059027,-13.0998405,Marchaven,Oregon,61
7O CP634,36.759884,11.543184,Stephaniefurt,Utah,106
374 NKR,81.25788,-54.187224,Jessicaberg,South Carolina,84
557BUF,-74.365965,-59.6622955,South Jacob,Virginia,104
M02-IZH,-128.475913,59.034837,Comptonshire,South Dakota,105
MHC 621,142.285244,86.3295195,Robinland,Michigan,84
GRP 397,-122.752917,21.047399,Joshuafort,North Carolina,77
904 0ER,160.404335,27.6402855,West Taylor,Illinois,82
4468,-124.973321,-5.4587755,West Dianachester,Arkansas,62
VEL-872,-8.662707,-78.44603,West Brianstad,New York,78
9-12475,130.43689,-73.727805,South Mary,Massachusetts,78
T54 4HO,-73.289316,-55.9945715,Christopherfurt,Iowa,97
377 EO4,-113.594174,27.857378,New Ruth,Pennsylvania,93
290RUJ,62.495927,54.4635145,Lake Thomasview,Vermont,60
OPZ-8906,102.377626,36.9521295,South Olivia,Montana,74
52-E491,165.055436,70.2526305,Crawfordstad,Oregon,62
2A 91406,-65.142989,80.1740445,Farmerborough,Nebraska,99
7R OR033,28.183379,87.619714,Gonzalezberg,Delaware,94
ZYW 436,46.109173,-25.9489905,Port Heatherside,Pennsylvania,90
ZFF 993,74.945151,-65.2919035,Haneystad,Louisiana,68
ZL 5393,-41.137338,-11.690049,Tiffanyville,Indiana,103
AMJ1366,-42.743188,46.7036515,Jakechester,Wisconsin,83
FYO-056,151.923032,79.1516555,West Amanda,South Dakota,86
6G462,-118.402469,-82.736385,Bowmanside,Arizona,72
1CCZ545,55.85645,89.345784,East Donaldborough,New Hampshire,87
SCT-5921,1.74331,47.542553,Toddville,Oklahoma,61
0-41003,169.56532,15.878165,East Crystalland,Idaho,99
OBK-8053,-151.852403,-18.0729135,Port Kimberly,Mississippi,104
VKS-624,69.970908,55.10531,South Dariusville,Indiana,87
8-9362L,-7.021144,-74.961356,Danielland,Arkansas,65
ZZW 628,140.989331,26.4599505,South David,Arkansas,68
C71 9KG,87.50205,-86.241575,Port Emily,Rhode Island,97
MBQ 146,-95.091277,72.0331375,Youngtown,Arkansas,93
9JR5163,-20.264048,-14.9773035,East Trevor,Kentucky,75
IAV 052,91.032599,-46.91313,Ginaland,Wisconsin,94
XAY-658,-109.250831,75.609561,New Christinefurt,Connecticut,76
1ME H54,62.470504,63.0981925,South Tracy,Delaware,100
2-5882O,137.517912,-17.4374825,East Williamburgh,Illinois,100
1HS6730,41.77276,-63.826078,East Regina,Virginia,108
ZTS5458,-34.242216,56.840074,Vargasstad,Washington,84
63-85769,-153.89741,45.292863,Angelaborough,Washington,68
0WS 550,-177.826733,82.6455175,Pierceburgh,Tennessee,66
07WR7,-78.059902,73.665194,North Sandra,Rhode Island,75
4-C7506,-40.521309,69.2569385,Lake Aprilborough,Washington,64
K 421819,23.356765,84.2417215,Martinezfort,Oregon,93
U15-TQM,161.960964,61.3058005,Christinaside,South Carolina,102
4VL 305,-144.618293,59.2639525,Edwinbury,West Virginia,80
3V 81053,130.674089,11.065536,Davidbury,Mississippi,102
509 SKH,-163.821438,57.3577,Sarahfort,Kentucky,102
792 DYY,108.60168,41.085812,Victoriafurt,Indiana,68
GOP 680,15.643921,-34.107264,Katherinemouth,Nevada,73
JYM 769,-109.647276,72.8202875,East Nathan,Maryland,105
2LIJ871,-61.022958,-89.253795,Ryanshire,Montana,93
79X 529,-165.511537,37.617931,East Roy,Pennsylvania,74
5J478,-26.062869,-23.623458,Port Carlosbury,South Dakota,88
PXY-8519,-41.031391,-89.3202415,Alexanderchester,New Mexico,91
222173,-178.677487,-34.737726,New Elizabeth,Louisiana,68
SZ-7508,10.301776,66.7225795,Lisatown,New Mexico,106
CH7 J4G,-118.601525,1.360097,Amandaport,North Carolina,79
BZF U25,-49.940613,16.765578,Lake Brian,South Dakota,61
6V 3553R,-89.513658,-14.2124745,Sotoland,New Jersey,90
LVH 026,-136.560095,74.8258785,South Keithside,South Dakota,101
Q12 6LU,-157.458138,57.43222,West Danielport,Iowa,93
9661,42.476226,56.360404,Mariafurt,Maryland,68
QZB-312,59.736639,-78.4191045,West Cody,Arizona,89
911848,-35.302555,58.8085865,Port Sierraborough,Arkansas,61
THN 727,-34.306982,-57.6110295,Carlside,Tennessee,69
937 3LG,64.842643,-81.7467635,Estesview,Illinois,79
1-J6752,-164.904976,13.988512,South Johntown,Iowa,81
926 URH,-144.012914,-25.290478,Robertsstad,Maryland,72
744-QVO,-129.570007,-39.584203,Katelynshire,Mississippi,100
234-FKT,-28.969777,85.0546565,Douglasview,Arizona,85
QCD-4094,-140.8371,83.5265225,East Anthony,California,95
500 ICK,-88.057951,-30.5847535,East Carol,New Jersey,77
6E C2171,-168.076526,-68.272612,Carterchester,Arkansas,66
UXW-9317,-137.329449,-65.8469005,East Gregory,Oklahoma,94
SIT 774,-34.609287,-66.4222345,North Loristad,Minnesota,104
0CH C63,-88.050947,-12.9346305,West Amberbury,Utah,65
6KGX976,107.906261,38.0440235,South Maryfort,Rhode Island,68
64UX737,99.572481,82.1089885,North Steventown,West Virginia,62
339-GIX,-139.08865,-47.88436,Samanthabury,Massachusetts,67
J64 4XU,108.102217,9.1155205,East Anaton,Illinois,62
2BP 051,21.105097,-89.6449985,New Vincentmouth,Montana,66
0-7258Z,-135.340404,42.9598165,Bradleyview,Georgia,88
442N9,78.064358,-78.0785415,Fisherbury,Colorado,88
EFE 583,-137.904916,16.607135,West Robert,Tennessee,93
16Q 197,-124.85022,-11.8630385,New Darren,Oklahoma,69
15-J293,-86.193561,-85.375931,Deborahmouth,South Carolina,79
81G H02,45.617102,26.754423,Lake Brandon,Connecticut,82
7OC 987,-158.80019,-73.4319945,East Dorisshire,Kansas,69
QES 541,152.045988,85.128867,New Susanborough,Illinois,96
458460,-17.198992,85.334651,Mccoyville,Hawaii,62
38L 390,169.890667,-9.7554375,Taylorport,Wisconsin,76
366-XCT,103.065959,52.6181385,East Michael,Illinois,109
KNJ 247,55.594846,40.8679925,Lake Anthony,Arkansas,85
200-OWZ,61.505598,-54.3768655,North Karen,Mississippi,107
219 JWA,70.532696,-38.9803725,South Jotown,Arkansas,100
HQX 221,62.676486,-19.4698825,Morganberg,Utah,96
18-2718D,-65.552514,60.8842885,Hannahshire,Tennessee,84
973AGR,-113.73228,2.6793235,Juliefort,Indiana,93
6-7857P,-98.595345,-48.015575,New Andrew,Colorado,109
HIR-3841,-166.329023,-50.8195645,Hendersonhaven,Connecticut,82
JKB 797,125.31259,-67.939034,Sabrinafort,Texas,64
4N771,74.31406,-42.675536,New Lori,Idaho,99
ZNU-1531,-106.198096,26.3480685,Lake Dominic,Arizona,71
158 UWI,-89.395971,-45.145985,Sullivanton,Utah,76
ANY-5152,-164.46422,32.137854,Johnsonbury,Colorado,66
HDF 771,-1.143895,-86.659695,Shermanfurt,Minnesota,76
694 FHO,-56.079637,-31.1453845,South Tammyville,Delaware,96
B91 8GW,131.763005,-35.318825,Lake Virginiahaven,Rhode Island,82
1T480,-6.256336,-9.3879705,New Jessica,Wisconsin,95
EWC1965,20.175072,51.27762,Simmonsmouth,Idaho,89
956VC,135.622402,-20.8381705,East Andrewbury,Arkansas,98
4BN A41,-5.067146,38.150394,Smithland,California,96
SBO-8577,-67.737188,62.876187,West Melissa,Florida,105
6912,-88.825788,-2.3781925,North Ericmouth,Wisconsin,97
J51 7UE,-62.52895,86.0886035,New Gordonview,Tennessee,74
436O0,104.63637,87.5612005,South Jennifermouth,North Dakota,70
7C 0747P,50.491026,-23.152648,Hannahshire,Idaho,101
UPJ 262,8.239405,71.8004335,Loriburgh,Nevada,81
US-3933,-177.873818,33.100256,Trujillofort,Massachusetts,88
IMN 790,-170.791806,85.1325605,Gravesborough,Colorado,88
UCP4314,16.412245,-30.7252515,Clarkville,Colorado,78
342 UWA,42.212162,-1.405318,New Christopher,Montana,71
6-H0244,-13.587966,32.6846385,Parkermouth,South Dakota,109
740 2KQ,-126.445326,51.5727345,Brownshire,Alabama,69
293 1121,-39.047581,-88.22912,South Susan,Florida,67
CII 953,-30.147139,-54.528253,South Michaelburgh,Maryland,76
IQ 3100,89.478015,66.346666,Evansport,Colorado,74
280-IJU,51.544985,28.761943,Aliciafort,Alabama,93
84G Y41,114.599408,-68.737757,Lake Renee,South Carolina,68
382I,-112.599836,-88.5705325,West Tracey,Mississippi,99
8-86498,121.154873,37.0712995,Pearsonborough,Florida,85
88W S47,117.293417,46.7555795,Gomezview,Minnesota,97
KLK 128,75.229491,-88.161889,Keithfort,Oklahoma,83
OS-5726,-14.763703,-11.141894,Lesterburgh,Maine,110
2CY H50,77.213474,13.736895,North Jennifer,Virginia,72
8-39388D,-115.30975,-23.1410715,Moniqueland,Massachusetts,77
019 5LV,-0.139393,9.9066495,Michelleberg,Washington,88
2V 62846,141.077138,-89.165626,Lake Jasonchester,New Jersey,73
QIJ B17,19.386692,15.880259,Lake Lisa,Wyoming,60
KRD-045,65.308897,-78.586748,Martinezshire,Rhode Island,61
3S 4Q6ELX,97.013374,49.7424385,Frazierborough,Kansas,86
QMV3958,107.513089,-41.042603,North Marcbury,Louisiana,73
WBV 853,44.568661,53.1740555,Danielletown,Louisiana,73
220 FGW,-139.662549,-33.9236775,Josephton,Mississippi,88
O47 5DV,118.589399,-73.340633,Johnsonmouth,South Dakota,67
PKK 785,1.135825,-84.297856,South Emmaville,North Carolina,70
UDK-1630,67.674256,56.860423,Cooperchester,Maine,102
IMB-571,112.098431,-85.348374,South Kathleenshire,Arkansas,101
683Y,118.99805,-38.760612,East Sabrina,California,85
40X•108,107.790836,42.190094,Farrellmouth,Arkansas,98
B77 6EQ,79.145777,-82.729559,North Kimberlymouth,Idaho,82
1NY0713,154.316962,-66.7756915,Lake Derekport,Wyoming,94
RPG-9754,92.077835,16.77638,Lake Benjamin,New Hampshire,98
VJ 8410,-104.18986,25.8807555,Cabreraburgh,Minnesota,92
523-MMI,76.867212,2.477082,Danielmouth,Massachusetts,77
403 IQL,140.386657,-75.704411,Port Zacharyside,Louisiana,104
SLN 567,118.620789,44.832762,Youngfort,Connecticut,63
8-49941T,-56.058101,47.011285,Davidland,New York,87
YXW-8771,154.245211,-60.3274935,Bowmanport,Missouri,86
03-WD51,81.180235,75.091927,South Aliciaport,New Hampshire,108
KF-9146,-150.392481,77.5291365,Port Frankberg,North Dakota,106
KZA 128,-128.531482,26.019009,East John,Wyoming,108
HP4 0960,-144.516099,-80.4846935,Johnathanton,Maine,75
KPY 791,-74.413186,-21.068288,West Wendy,Utah,88
1504,31.353746,-44.131309,West Scott,Florida,105
0C 2I5CSJ,-58.522661,-69.857484,West Kim,Louisiana,70
2HM 181,-119.186524,-28.2098725,Port Kathy,Massachusetts,79
65-ZR76,106.896812,-89.051562,Jeffreychester,Nebraska,77
KFB-502,-8.372846,-67.0995215,South Rebecca,Arizona,65
DNW 558,47.709409,-74.8844425,New Scott,New York,99
6YR V67,-177.891322,59.2669835,Port Nancy,Hawaii,68
5-Z3001,33.441369,87.7371275,North Charles,Idaho,92
3-15860,173.589135,-89.6878675,Isabelview,West Virginia,97
RMJ5648,110.839124,-7.289576,West Amber,New Mexico,108
F23 0QD,55.609053,63.3871495,Jameston,Utah,60
1XT 959,77.509535,-14.210561,Larashire,Connecticut,64
44-51075,154.98442,11.6657695,North Kirk,Iowa,85
LXI 499,-154.980923,50.2263255,Bethchester,Colorado,76
2TI9871,-25.526939,-28.4541605,Cowanview,Arkansas,69
51O 856,-93.409817,-29.6322935,Darylfurt,Kentucky,98
671 AWB,-109.078904,-25.824981,Elizabethfort,North Carolina,90
LYF2644,-174.704927,75.466113,South Jeffrey,Washington,77
311-715,-128.050332,24.117537,Ericksonfort,North Carolina,71
O05-JCC,3.150746,-55.775566,Port Zachary,Nevada,108
7AKX325,-155.194988,-36.287463,South Pamelaburgh,Mississippi,86
3168,-128.227404,85.3658995,South Stevenstad,Louisiana,63
11U 554,36.989259,72.2134425,Anthonytown,Ohio,70
7YP 150,-83.252443,-78.4287165,New Amandafurt,Ohio,89
XHK-707,-39.029605,-17.2276335,Lake Regina,Nevada,65
43-10323,-74.601489,-12.020741,Smithside,New Jersey,95
55-L726,-149.782568,21.919389,Mcintoshberg,Utah,83
351VCT,89.839435,86.4458745,Katiefort,Massachusetts,87
8N 3Y2ANQ,32.360188,-49.348486,Woodfurt,Virginia,110
PWC 032,-43.752797,55.780921,Port Christopher,Tennessee,105
72R 626,167.963069,-39.0817985,West Destiny,Louisiana,69
7Q 69672,123.14998,3.865548,Lake Edward,Maryland,94
17-6695B,-174.849265,-19.176146,North Charleshaven,Iowa,70
DME 774,-145.875337,-25.717704,Jacksonburgh,Pennsylvania,75
KLZ 118,133.139315,-57.3185485,South Samantha,Illinois,88
8F 3S7VAF,89.082251,-60.599026,Smithview,California,102
JSO 024,30.489156,39.7047535,Lake Alexandra,Utah,65
183 SSO,-106.398518,-36.6276435,Port Tammyborough,Colorado,110
OKR-0540,86.044837,15.3433765,South Crystal,Arkansas,70
8V 7K5QPB,81.520979,87.8886705,Port Luismouth,Wisconsin,94
56DZ944,109.067205,-79.697048,Smithstad,Ohio,98
1DKE 86,179.123372,-49.3007515,Whiteside,Colorado,105
WYU 4860,-42.23294,4.8112325,West Sara,New York,73
MCS 085,-155.563351,-80.1216765,West Denise,Arizona,89
026-JEV,-125.764812,44.9862855,East Michael,Hawaii,64
261-037,-100.97705,52.846083,Port Ralphview,Indiana,60
ZPR 320,165.96615,-76.3619105,South Nicole,Mississippi,73
8EXO 49,-103.084166,58.6346665,South Keithborough,Tennessee,60
6G 23777,16.009872,-54.284638,Cynthiaside,Kansas,70
706-QWB,-125.283002,47.06318,Longborough,Pennsylvania,74
456 XE5,-119.27209,53.8882685,North Susanton,Massachusetts,74
XUI-4641,133.848739,37.948061,Brittanyport,Georgia,81
60-95337,-171.575286,43.0746695,New Todd,Maine,68
647-DREP,2.021631,-36.2199505,Riosview,North Dakota,88
CRO 732,-77.979664,-78.860349,Port Susanchester,New Mexico,90
U27 2NK,-148.411916,-26.545597,West Carlyton,West Virginia,98
9783,52.776289,-18.57282,Raybury,Washington,83
LDC 727,-56.089661,-12.8448655,Beckyside,New Hampshire,71
TAM 400,-114.782207,-0.353759,Maryview,West Virginia,110
FP0 3531,-5.544938,58.17042,Bryanmouth,Kansas,75
931 KHU,179.820956,86.655628,North Andrewborough,South Dakota,66
Q81 8DD,71.738846,-20.3177175,Lake Emilybury,Louisiana,85
8-63847,64.293399,76.266385,Port Candace,Nevada,85
46-YI32,-67.62653,60.7431335,Jefferyshire,Hawaii,97
468-MEN,-0.593499,30.170274,New Jeromeland,Vermont,101
20Z 9370,164.868958,26.03916,New Thomashaven,Alaska,61
OVJ-687,77.169676,-12.747196,East Wanda,Mississippi,96
48-16024,-59.836343,52.917396,West Christophermouth,Louisiana,86
4-7219P,3.452353,15.984228,Charlesmouth,Maine,87
MUR 059,64.501331,-20.239753,West Joe,Maryland,78
MBU 565,110.014768,89.453887,South Gary,Alabama,87
862UCN,86.953109,9.452205,Jacobburgh,Colorado,83
134 PHP,-114.391932,71.539727,West Jessicaview,Utah,105
VLZ 209,93.825358,9.8539075,Goodville,Oklahoma,109
TVA 4832,158.017399,-78.078587,West Mackenzieberg,Texas,91
936-AHX,-6.168721,-67.828822,Rodneychester,Nebraska,68
09FE228,144.672203,9.80214,North Daniel,Iowa,64
WRR 962,-79.584797,66.366363,Michaelton,Indiana,62
2PFQ804,-152.531975,-57.251749,North Cody,Maine,65
8291 FJ,126.437716,24.9312255,Petersonburgh,Iowa,72
QEC N80,-4.01211,-26.8881735,Andersonberg,Alabama,95
804 1PC,41.401991,-13.7649135,Melissamouth,North Dakota,89
321 3QE,-86.229781,87.884449,Rodriguezchester,Arkansas,82
7T304,14.286034,28.404699,North Cassandratown,Utah,105
259 JUB,-179.944201,-81.519258,Gainesside,Nevada,83
DGS 430,-91.724549,-76.0997565,Jasonstad,California,76
950-IUR,0.490042,-80.9550205,South Shawn,Nevada,87
XJ 38507,-3.277681,44.917062,North Kathy,Louisiana,108
91I 807,-117.878555,67.7096605,Arellanomouth,Rhode Island,73
460-ICD,-92.885505,44.5667045,Susanborough,Minnesota,106
3JI5831,-93.43916,49.340159,Turnerfort,Virginia,104
ZJZ-6606,155.338849,51.1962015,New Lauraside,Mississippi,63
4U 29449,-16.365239,28.8073155,North Meaganborough,Georgia,109
000-SKZ,-57.885157,8.8116695,Ingramview,Arkansas,69
P76-BIE,37.424539,83.851311,Meganshire,Kansas,70
621 JHL,-39.044877,-80.8563135,Jamesfurt,North Carolina,83
NAZ 125,10.015904,-33.9250935,Villanuevaview,Colorado,88
6H345,3.578293,-16.3875905,Dannyburgh,Missouri,86
47-TH67,-12.468354,-73.0408145,Christyburgh,Kansas,78
028 HHZ,0.051614,53.708246,South Arthur,New Mexico,67
DE 40813,-139.385827,-20.6798205,Mayhaven,New Mexico,62
7PS 215,-145.237358,39.641193,Howellside,Washington,87
488 JMM,-99.307349,72.4616895,Hicksfurt,Alabama,86
ETK2789,44.941411,-61.1882845,Jessicashire,Vermont,96
793A,98.935854,56.7208025,Jenniferfort,New Mexico,95
BMH-6651,-2.200118,-35.6896,East Jennifer,Indiana,91
78-I233,165.886731,80.936111,Loweborough,Montana,109
1MY4971,-171.342178,-67.497948,Amyborough,South Carolina,109
ST-9043,63.618802,45.1619125,East Melissashire,New York,73
29N 227,159.40622,63.4113565,New Olivia,Missouri,60
700-WCJ,-179.115745,-5.8741295,Whitefort,South Carolina,82
334HKI,30.304593,-58.855885,Crystalstad,Maryland,63
T 312820,92.050862,-78.054493,North Jenniferside,Arkansas,89
5Q F9794,-57.597782,84.812013,East Ryan,Vermont,102
58-BJ21,-1.868316,88.533294,North Shelly,Wyoming,98
214-NNM,43.991386,72.6143445,Burnsfurt,Utah,91
KFV 931,95.669995,15.9366325,North Brenda,Vermont,96
7-O3480,-88.272187,14.584009,North Johnathan,Connecticut,75
EPP0894,101.401679,-21.443112,North Ryan,New Mexico,68
2X 3Q7EZI,46.540139,40.149707,North Richardview,Missouri,67
ZSR 717,106.02554,-14.257242,North Dianeview,North Carolina,82
9OF3067,-109.430571,58.2206815,West Stacieview,Utah,95
MFQ-9194,72.428514,-88.948981,Silvamouth,North Carolina,80
5OF D10,122.790914,-34.8170255,Watkinsbury,Nevada,86
3-K9225,161.583768,17.2621455,West Amy,Colorado,91
253-QTN,161.860325,-37.746953,West Jennifermouth,Massachusetts,69
SGE 512,-85.288678,-84.554487,Port Austinburgh,Arizona,77
854 WGQ,-35.914148,26.771559,Baileymouth,Missouri,64
20YS373,49.263201,-66.581772,East Hunter,Maine,88
1OF 082,-135.57315,76.140521,Fordborough,Louisiana,75
05I QG2,116.708505,45.005661,Howellfort,Kentucky,60
376ULN,36.380465,38.080507,South Brad,Wisconsin,84
986 AWZ,65.709454,37.644429,Bushborough,Ohio,105
189 7ZF,18.557894,80.662315,Garcialand,Mississippi,83
19-20449,65.305932,-63.6812215,Lake Susan,Pennsylvania,92
LCA 552,-100.624404,9.747995,Port Joannamouth,Arkansas,68
9O 11740,-124.793173,10.4836175,West Katherine,Florida,86
844F,159.872677,-86.6193075,Eatonport,Utah,109
310OF,-167.6434,83.703856,West Zacharyfort,Michigan,87
4C 73394,-129.352445,-7.139538,North Jack,Georgia,74
438256,100.319361,-46.613129,Hallberg,Washington,92
95-60726,112.30138,73.2507685,Brandonport,South Carolina,83
ELS-992,156.284382,84.754799,South Michaelstad,Wyoming,72
6LV81,11.708464,47.8358915,Port Gregory,Michigan,67
J46-67U,-88.614025,-34.477069,Blanchardview,Nebraska,81
5FI3593,179.824163,54.7240885,East Lori,Maine,71
CXV-224,-20.922519,-82.5254145,West Heather,Connecticut,69
636 3BO,106.374678,23.648955,Lake Bobbyburgh,New Jersey,69
GWF-3536,96.790482,-88.343316,Lake Steve,New York,65
KAC-574,-97.285618,-29.0014885,New Michael,Nevada,99
IC-3192,44.82161,-67.5908135,Judymouth,Pennsylvania,100
WUD E18,-49.230013,-18.621868,Port Jessicamouth,Illinois,82
91-52911,-136.368002,-52.540012,West Sharon,Indiana,72
K75-48I,43.681063,3.5849485,Karishire,North Carolina,71
Z62 2SW,-86.910258,-43.7425925,Haynesstad,Illinois,70
PNP 412,58.074302,-6.608968,East Dianafort,Florida,79
942-HZV,-76.930184,-2.765899,Woodville,Kentucky,92
0S495,-31.854009,38.5074465,Crystalside,Louisiana,82
BQ0 5559,130.646975,-54.535921,Ruthfort,Connecticut,65
862 RGC,-129.319481,32.218273,Nathanielshire,Hawaii,104
VVA8228,89.967341,-55.8596825,New Johnnyshire,Arkansas,62
1-33363D,103.570906,-83.1294195,West David,Rhode Island,94
M73 8WN,-169.009912,-45.5613025,Port Jessica,Colorado,100
ZEL-2859,-93.524974,-49.6980565,Port Micheal,North Carolina,88
ZP-0892,-103.234067,-81.6120485,Port Patricia,Pennsylvania,77
JSF T81,22.753259,79.683656,Shawnshire,Alabama,64
Y49 4TA,9.609542,-3.7523095,Danielview,Delaware,73
645EUZ,-61.175223,56.9819865,East Kathy,Alabama,86
5I Y9104,-90.791377,68.782786,Fisherside,North Carolina,101
710024,-49.174799,-80.941849,New Justintown,Virginia,79
JM-0542,164.646793,57.298023,North Steven,Michigan,102
8-63721,36.832813,73.765586,Mooreton,Louisiana,69
IBK 381,159.24452,17.2306145,Caseystad,Oregon,108
ZGX 338,-6.751135,50.2761125,Carriefort,North Dakota,105
HLE-3596,58.016896,-55.3987915,Port Kevinmouth,New Hampshire,102
AKJ-153,-110.033818,38.409378,Lindatown,Florida,100
926 UBN,174.439269,4.3273545,North Elainebury,Washington,78
JSF8035,104.182867,-34.5381915,Jacquelinemouth,New Jersey,62
1Q 99364,0.24338,36.264752,Lowerymouth,Wyoming,64
141 NKD,101.412959,-63.290867,North Nicole,Alabama,68
YD0 8274,-120.988388,-2.6524235,Rosemouth,North Carolina,84
28TV4,168.325336,12.774137,Fostermouth,Florida,65
5XG S45,-141.869535,28.9222835,Rodriguezberg,Hawaii,80
KRF-7783,162.269494,-28.667072,West Robert,Nebraska,83
530 EXY,-61.693984,61.139417,Hallberg,Arizona,71
4893,-32.517378,86.6522745,West Sierraburgh,Wisconsin,70
T01 3CY,-39.298566,-27.523183,Port Michaelburgh,Maryland,66
Q39 5XA,69.00518,-40.564841,East Benjamin,Tennessee,77
LGI 932,89.104195,-51.0922515,Nancymouth,Massachusetts,80
43W•841,-101.248023,6.171335,Robbinsbury,Colorado,76
HLY5555,130.911336,35.356707,Lake Elizabeth,Connecticut,95
4L 6I8EST,171.349054,2.3768015,Rileyfurt,Alabama,81
EPZ 679,-28.738428,54.9453105,North Lauren,Delaware,67
4DI 259,140.081308,-20.5090855,East Jennifer,North Carolina,85
8761 TE,-125.361084,-24.672598,Josephshire,West Virginia,71
3002,141.402514,65.041399,East Peterstad,Nevada,108
3PO 268,109.079522,24.3824275,West Tina,West Virginia,62
696 XPH,-22.065507,-86.468548,Lake Jerry,Illinois,101
UGR-0780,-173.51252,86.5507645,Baldwinport,Nevada,104
51-OJ51,176.615714,-28.060761,South Nicoleton,Colorado,81
6HEH659,-127.063082,75.4489105,Barrside,Montana,61
WE9 R4H,-150.311679,-59.065814,West Leonard,Illinois,94
816 5VN,16.554772,40.581164,Scottside,Kansas,110
PON 917,-152.329617,42.8696155,Barbarachester,Oklahoma,73
EQE 226,-79.941343,52.3968995,Lake Donnachester,Delaware,85
8TE9874,121.96458,52.155224,Grahamport,South Carolina,106
6.00E+272,41.128645,-46.255341,Justinfort,Utah,105
B69 1NB,100.056752,-17.919025,East Victoria,Hawaii,83
JV 6709,89.277664,-51.3522085,Butlerburgh,Iowa,92
TQG-794,-124.96648,24.4066315,Claytonmouth,New Mexico,98
7-39832,-55.744823,19.9352895,Haysshire,Missouri,74
795 6OI,2.23249,-14.0082385,Franklinland,Georgia,90
799 6359,69.93306,62.9411995,Amandaborough,Nebraska,104
JM5 Y4S,-133.0499,-81.567383,West Heatherchester,Minnesota,70
2-57997,132.545282,-35.5147105,Mccartyview,Nevada,96
3Z NQ926,-174.432021,-39.4099885,New Veronica,Alabama,89
C72-53C,83.343675,50.350931,South Jacobtown,Louisiana,77
A17-OKH,-34.346764,63.983859,Laceyview,New Mexico,67
753-VPQ,-124.163356,-20.3181835,Youngchester,Rhode Island,78
L95-OWF,18.09842,87.29101,Bradyport,Maine,100
LXP 311,-114.543546,4.461808,Davidton,Kentucky,95
EZZ9925,-91.77458,-7.90137,Williamsshire,Nevada,92
G21-58P,85.010745,51.780613,West Gina,Kentucky,104
57M 2076,72.951238,-84.191572,Port Sherry,Missouri,85
9T KF375,-145.434822,-68.335444,Stevenville,Mississippi,97
KBQ 762,-59.985815,-59.6121485,Oneillbury,Michigan,60
37UX8,-125.603608,9.4451015,Turnerport,South Dakota,62
FN-1673,46.77302,-69.9318365,Lake Robertfurt,Tennessee,102
LDT 164,-132.424599,40.897287,Port Angelaberg,Alabama,97
OEH 397,-122.498107,60.6140365,Lake Wandashire,Rhode Island,70
UZ-5835,64.436586,40.26589,Lake Natalieland,Wyoming,62
5-09683,-82.655643,14.9602915,New Amymouth,Ohio,62
W62 7BF,-164.420477,-33.6833545,Christineview,North Carolina,61
987-742,-95.135429,-82.5697975,Davisborough,Tennessee,93
M86 7NZ,122.180639,-68.519053,South Michael,Arkansas,91
ALV-0101,-124.490773,-18.75483,Ryanhaven,Pennsylvania,101
HKT 660,-71.855303,-55.0110605,New Christopherland,Connecticut,105
7J 24039,-116.261312,-7.351504,South Joshua,Georgia,86
HGT 727,157.741351,2.2638565,Nelsonfort,Illinois,62
7IZT725,-1.818893,-0.131261,Lake Matthewshire,Wyoming,100
S99 8NT,29.178259,-85.1819965,Port Ashleyville,North Dakota,108
5SS 904,-33.4039,60.7055685,South Davidstad,South Carolina,92
787V2,-30.716916,-76.7122485,Popeburgh,Iowa,100
OZF 234,30.077151,11.298155,Jimmytown,Wyoming,106
AUD-520,-0.504767,35.876186,Burkemouth,Mississippi,104
4WJ5527,-16.731511,-11.254429,North Robert,Missouri,72
HOB8232,159.827023,-7.747364,South Mitchell,Iowa,90
637 ZZH,-152.168636,34.433529,Lake Sarah,Rhode Island,108
F28 5QM,70.289114,-13.2334295,Sharonshire,Pennsylvania,110
54Y Y92,172.321741,-60.251409,South Destinyberg,Colorado,88
941 2MY,56.307409,62.308651,Port Shannonberg,Virginia,66
MCS-5145,136.298749,5.403381,Forbesport,North Dakota,101
HYH 434,89.921626,37.147976,South Elizabeth,Rhode Island,109
TBK 045,38.953444,-82.7507485,South Patricia,West Virginia,78
347 ZRC,129.650139,-19.7991945,Gabrielleville,Arkansas,60
558PHE,-32.408316,15.091581,West Raymond,Indiana,73
33FO569,146.891761,18.7124715,Mariastad,Washington,90
HBW 730,-72.156202,11.1798855,Port Cindychester,Nebraska,87
UVP4438,13.428555,20.4849225,Hoganland,Iowa,95
8H R3333,66.634822,-30.4495015,South Danny,Washington,61
864114,92.239254,-43.501379,Andersonbury,Indiana,103
089 6FU,78.668619,-51.5555125,East Ericamouth,Michigan,107
4XZ A63,172.577842,-13.04456,Hudsonland,Wyoming,97
HVN 135,-122.992353,58.9632535,Juantown,Idaho,68
2F 6H6QSG,-89.205345,-19.849098,East Bill,Illinois,94
208 SW9,81.823862,-51.2536865,Mcdonaldberg,Delaware,71
3II A66,-166.481708,7.604656,North Sherristad,New Mexico,75
658-KZF,60.997059,-3.1345335,Chapmanshire,Vermont,90
587-LTTP,-164.121933,45.505051,Shawton,Connecticut,79
CEY 093,-61.046386,-53.90093,East Larryburgh,Nevada,100
838 YKS,-87.119749,-22.203142,Alexandraburgh,Indiana,84
LMU 080,73.938362,55.661022,Michaelville,Wisconsin,78
211 6ES,172.838186,53.439561,Whitakerland,Hawaii,103
XDO3579,-79.688538,13.22386,Fordshire,Montana,88
197KC,4.736104,26.993661,Port Dennisville,Indiana,84
022 ED0,164.845008,-0.885415,Josephside,North Carolina,90
76SO4,-95.052335,38.4415545,East Amberchester,Connecticut,66
OCM R94,14.489792,-52.556733,Nelsonburgh,South Dakota,94
550 ROB,-72.436733,8.8299455,Marshallshire,Florida,91
274 3LV,-65.281786,7.4258745,Smithmouth,Wisconsin,109
2LE 853,-174.226019,29.440644,Paulstad,Pennsylvania,108
495 AWG,-41.924638,73.632832,Michaelport,Kansas,84
3IG 000,-150.994288,69.489808,Paulhaven,Montana,85
7QC 188,57.401037,16.054829,Michealport,Oregon,67
MQJ 757,-125.9664,61.480085,Nguyenfurt,California,106
0-51167,99.885754,80.135028,Port Wesley,Tennessee,62
KXA 687,113.96085,15.357476,Gonzaleschester,New Jersey,77
XB 5532,-96.544914,-36.9413795,East Jacquelineport,Oklahoma,93
SWV-773,94.268701,-55.62391,North Austin,Massachusetts,63
5KK4037,-47.567503,-87.463918,New Connie,Wisconsin,104
53H 5138,-93.957271,57.0352165,West Chris,Georgia,95
275-GFL,-74.16113,47.819296,Pagetown,Maryland,61
6KZ1748,-20.984132,86.143387,South Joshuaborough,South Dakota,62
760-ZJQ,-140.099811,-80.787137,Erinland,Ohio,109
VOB-6559,26.423182,89.669813,Vincentbury,Maine,92
8G013,19.359515,-27.4732585,East Timothy,Illinois,100
MNS 8279,-63.936737,-2.1865235,Santiagofurt,New Hampshire,87
929-ZYT,-104.621011,-9.666021,Boothtown,New York,73
D76 7WT,72.446997,-34.598398,South Lisa,Montana,69
33NL0,135.181402,54.65438,Port Nancy,Iowa,106
13F 410,-147.553295,-85.2969765,Cohenberg,Missouri,74
XIU-265,-5.02428,40.4582365,Davidside,West Virginia,71
1Z 76789,-20.078015,21.0527265,Craigstad,North Carolina,108
08-62816,-19.514513,-85.6857915,Lake Stephanietown,Arkansas,73
T45 1XV,56.693967,71.369947,Blackburgh,West Virginia,94
888-BAN,85.168236,64.059586,Robertside,Indiana,86
65D A32,90.504966,-80.0439535,Hillmouth,North Dakota,64
TWF-643,-114.075046,21.485784,Coreytown,Montana,97
5-43035F,13.645575,-39.677574,East Robertborough,Missouri,79
6SO F27,-36.242144,19.342295,East Christopher,Delaware,78
134-UNU,40.593742,69.040499,East Kimberly,Oregon,103
HW 9257,-24.328756,48.8220385,Clarkeport,Wyoming,64
3LC C91,-150.67467,-51.910518,Natashashire,New York,98
X52 7KN,41.681338,48.126537,East Linda,Indiana,64
046 JW0,-22.25504,-28.518223,South Suzannemouth,West Virginia,86
YRW 514,56.709829,-34.143066,West Mark,Montana,94
4547 QZ,23.733589,85.822956,Torresburgh,Utah,94
MXC 748,-44.89683,-7.7387105,Jameshaven,Nebraska,83
383 YBV,-125.870113,82.292315,North Beth,Wisconsin,60
519-285,15.751713,79.1533945,New Walter,Kentucky,83
449 FUF,52.734847,-64.3425475,North Harold,Georgia,88
251-484,-143.067531,71.9559315,Anthonyburgh,Oregon,84
57-72516,-136.559778,-72.6193735,Lake Rachel,Rhode Island,76
B29 0MJ,60.810817,10.7961845,Port Valerie,Iowa,73
BUL3986,59.362886,62.981794,Erichaven,West Virginia,106
O64 6FD,13.855329,50.087318,Morrismouth,Wyoming,97
2UY 451,133.503773,83.248137,New Linda,New Mexico,88
374-LRB,62.183439,-72.22663,Smithfort,Vermont,94
6C N5133,90.458436,-89.039373,Gilbertburgh,Florida,87
G91 5JC,80.22751,19.3931015,Millermouth,Tennessee,105
CVO-272,-36.086916,8.047019,North Kevin,Kansas,97
83PM026,-158.796148,12.4102335,South Patrickside,Rhode Island,76
12J E96,-60.540968,-8.2072155,Rebeccaborough,Idaho,100
094 7BR,131.143021,10.7117685,Fordtown,Idaho,96
03BX6,-174.367249,1.56806,North Rebeccaborough,Hawaii,76
1W 29832,-84.07226,-32.6451665,Laurenburgh,Wyoming,72
ELW0450,-147.479666,-72.012712,North Ryanhaven,Arkansas,63
SQC 426,-167.754044,-65.3099525,Reneebury,Kentucky,66
56J 6802,67.19467,40.6541595,East Billybury,Michigan,107
HBC-8913,159.14858,66.485249,Michelleland,North Dakota,98
034 7500,179.492383,-89.116893,Landryside,Arkansas,75
ALH 8465,6.569947,-4.78423,North Ralph,Utah,64
HFA 715,21.880152,48.429917,North Jillian,Virginia,83
YBP-5137,-14.23065,28.6419655,West Sierrashire,North Dakota,106
748T,154.674508,-44.6985655,West Amy,Rhode Island,67
282-GXNQ,98.38849,-3.1489545,Wrightberg,Georgia,72
181 NLS,-162.298128,-9.727667,Josephside,Massachusetts,90
731S7,-38.454715,-0.311301,Nicholaschester,North Carolina,79
S73 3XZ,-172.723383,55.026017,New Veronicachester,Montana,69
7VE3733,-23.42309,69.2623625,North Davidstad,Illinois,89
35T 2205,-25.12092,-9.451485,Port Tinafort,Virginia,78
9B G7142,-78.932957,-68.3252705,East Kristopherstad,Michigan,99
EKG 705,164.939429,48.9970905,Lake Robertbury,Indiana,96
B 355641,-45.99163,-51.7532165,North Mary,Montana,96
441LP,-1.514345,-68.495427,Andersonmouth,Tennessee,83
078 8848,-68.19684,40.0282755,Brownborough,West Virginia,66
336-GFD,-153.970695,-14.918639,Summerfurt,Florida,108
ATU-438,-47.121165,65.3144405,Justinside,Alabama,78
558HUX,-167.726985,-10.767312,Port Brenda,Indiana,100
331BR,17.578316,-86.83432,East Jacobshire,North Dakota,77
7UQW 19,39.912859,8.07443,Port Timothy,Missouri,102
177JFY,-1.96779,-66.234713,West Markside,New Mexico,105
BPG 1671,1.739183,68.7206495,Jasminestad,Missouri,68
2934,-27.788473,15.72653,Terristad,Indiana,85
53U N07,-46.035785,60.1924045,South Marcland,Vermont,101
315EYC,22.135487,-7.9095785,New Thomas,Missouri,62
5E 6P6JNC,-140.136499,70.708252,Macdonaldfurt,Michigan,72
MVV8319,66.794063,-28.851042,Joneschester,Massachusetts,105
XRA5126,-61.562116,23.999998,Jacksonbury,Hawaii,73
363607,-21.05682,58.599072,Sotofurt,Missouri,64
ITS 261,-70.327637,26.542218,Elliottmouth,Idaho,88
HBQ-2572,40.019981,72.857683,Samanthabury,Michigan,98
ZJD 629,152.73194,55.9670145,West Tinaview,Maryland,64
870 QZY,-148.703967,24.3712415,Guzmanside,Tennessee,104
94N R18,-72.486356,43.9572185,East Calvin,Colorado,110
NC-1381,-155.131047,-74.5085505,West Angela,Louisiana,101
615-EOF,-81.936006,-64.087319,South Christopherberg,Missouri,82
ZRG 229,-114.145585,-35.8639735,Gomezview,Nebraska,97
3OF 785,142.913409,55.3731325,Port Larryfurt,Wisconsin,66
GEU-8861,-104.434084,-87.606819,Phillipston,Arkansas,93
1YM 058,27.022953,-68.7373555,Port Jason,South Dakota,65
659 2TM,164.674848,40.8181615,South Ricardoland,North Dakota,93
IC 8981,167.072243,7.2616265,West Vincent,Indiana,90
GVX-392,141.604482,-47.831497,Port Terry,Nevada,79
3D 07434,52.823342,-78.7094645,Brittanyview,Massachusetts,79
511 KNY,30.572233,44.833762,New Kara,Nebraska,94
992 RTV,-36.966545,54.3558825,North Mindyshire,New Mexico,68
12YE143,-38.784244,-18.045336,Aprilstad,Kentucky,78
J01-96E,-124.096333,-32.959003,Hardinstad,Arizona,70
Q70 7DX,-174.981915,-64.7685345,Lake Joseph,North Dakota,107
7942,-132.164425,81.2567175,Hoffmanmouth,Maryland,95
536-ITS,-92.505588,89.106439,North Tracyshire,Delaware,68
733 0163,-159.60494,-35.9046985,Pattersonburgh,Nebraska,87
DPS 289,-128.853158,57.7855365,South Kathleenmouth,North Dakota,71
6C521,162.805557,83.911084,Matthewchester,Alaska,71
639 UIS,120.045697,-67.3779835,Kylemouth,Virginia,76
89Y UM5,76.601925,18.822105,West Margaretbury,Oregon,67
7U AI647,-172.305203,-3.034217,Coxborough,Delaware,74
ZMU 533,131.426697,-2.4908565,Rhondaview,Tennessee,73
4-60374,152.48721,65.5324745,Lake Phillipview,South Carolina,66
7-9353Z,-57.158799,61.2199225,Blaketown,New Jersey,86
038 JRH,103.303023,-45.005332,South Carolynborough,Idaho,85
S81-44H,167.719589,-61.486657,East Jenniferhaven,North Dakota,89
88-38840,-74.669093,67.1062435,Port Monicachester,Iowa,63
OEG 251,14.751089,-20.206317,Lake Nicholasville,Idaho,82
1194 CK,-161.824173,-24.9993055,Isabelville,Arkansas,85
VE4 8892,11.995467,-4.229797,Donaldshire,South Carolina,107
0J 6Y3DMH,43.664235,23.514563,Johnburgh,Alabama,104
FA0 F3K,78.490268,86.1548975,Andradechester,Virginia,108
631 5LE,-65.62724,-71.521776,New Courtney,Rhode Island,83
RTQ-9436,-28.459851,-55.560977,Calebbury,New York,74
3O 2578F,175.073441,68.161449,Fordmouth,Iowa,81
XFN 091,-96.41906,77.5744815,West Carlaport,South Carolina,109
E32 8GH,-68.404799,12.141175,North Debra,Delaware,82
ZDL 313,-73.978441,72.3000165,Christinaside,Michigan,99
3ILZ179,70.381067,-81.811043,Vasquezmouth,Florida,83
681-363,31.204854,-7.5187795,Colemantown,New York,78
07K 8798,142.4863,35.081842,Kiddmouth,Minnesota,75
037-QHM,89.346526,-35.433794,East Emilyshire,Illinois,80
6-5739V,96.845001,78.21081,West Victor,Virginia,82
542NES,-39.521882,-31.0913955,North Adam,Louisiana,100
D90-PFH,-106.103698,78.933231,East Richard,Illinois,98
31BH4,-61.423853,-57.5880865,Taylorhaven,North Dakota,96
692GWT,-158.59078,-78.525166,Lisafort,Mississippi,91
85-97226,-133.792909,24.459386,Hallview,Massachusetts,60
897 UQ8,-53.76,63.1762505,South John,Kentucky,102
8Y 31422,12.458571,-35.6868285,New Michaelshire,Iowa,65
A45 3IN,-127.042584,-14.3985775,Jefferyton,Oregon,73
1YNB769,140.257456,-45.0196095,Wagnermouth,New Jersey,82
2PH 813,-45.218407,11.59048,Smallstad,Mississippi,60